frame,quality
0,0.993258
1,0.993345
2,0.993227
3,0.992919
4,0.992357
5,0.991466
6,0.98978
7,0.987563
8,0.985345
9,0.985738
